{
	"class_name" : "PinholeCameraParameters",
	"extrinsic" : 
	[
		0.99367472604979601,
		-0.029167801096228123,
		-0.10844251098657645,
		0.0,
		0.080531949360064803,
		-0.48792415155917845,
		0.86916317654254316,
		0.0,
		-0.078263298819630886,
		-0.87239856814673133,
		-0.48248895775281991,
		0.0,
		-916.60622940706241,
		722.89332380493306,
		-88.110068906424942,
		1.0
	],
	"intrinsic" : 
	{
		"height" : 800,
		"intrinsic_matrix" : 
		[
			692.82032302755101,
			0.0,
			0.0,
			0.0,
			692.82032302755101,
			0.0,
			399.5,
			399.5,
			1.0
		],
		"width" : 800
	},
	"version_major" : 1,
	"version_minor" : 0
}